range_m,freq_hz,TL_db
500,0.0,53.980900086720375
500,31.25,53.980959131831554
500,62.5,53.98113564078586
500,93.75,53.981427752636286
500,125.0,53.981832425460425
500,156.25,53.98234552250023
500,187.5,53.98296192636131
500,218.75,53.98367567552038
500,250.0,53.984480116579476
500,281.25,53.9853680653827
500,312.5,53.98633197025752
500,343.75,53.987364071197916
500,375.0,53.988456549678865
500,406.25,53.98960166487219
500,437.5,53.99079187321308
500,468.75,53.99201992944259
500,500.0,53.993278968343446
500,531.25,53.994562567333524
500,562.5,53.99586479084961
500,593.75,53.99718021802847
500,625.0,53.99850395557841
500,656.25,53.99983163794888
500,687.5,54.001159416975035
500,718.75,54.00248394312746
500,750.0,54.00380234036507
500,781.25,54.00511217639941
500,812.5,54.006411429955065
500,843.75,54.00769845637461
500,875.0,54.008971952680874
500,906.25,54.010230922987425
500,937.5,54.01147464494507
500,968.75,54.01270263773349
500,1000.0,54.01391463195324
500,1031.25,54.015110541645356
500,1062.5,54.01629043856064
500,1093.75,54.01745452871824
500,1125.0,54.018603131228815
500,1156.25,54.01973665931008
500,1187.5,54.02085560338888
500,1218.75,54.02196051616109
500,1250.0,54.02305199946718
500,1281.25,54.024130692835
500,1312.5,54.02519726353982
500,1343.75,54.02625239803513
500,1375.0,54.02729679461301
500,1406.25,54.02833115716102
500,1437.5,54.02935618989131
500,1468.75,54.03037259292718
500,1500.0,54.031381058642445
500,1531.25,54.03238226865833
500,1562.5,54.033376891412324
500,1593.75,54.03436558022218
500,1625.0,54.03534897177672
500,1656.25,54.03632768499276
500,1687.5,54.03730232018477
500,1718.75,54.038273458500015
500,1750.0,54.039241661578124
500,1781.25,54.04020747139903
500,1812.5,54.04117141028797
500,1843.75,54.04213398105048
500,1875.0,54.04309566721379
500,1906.25,54.04405693335461
500,1937.5,54.04501822549576
500,1968.75,54.04597997155696
500,2000.0,54.046942581847084
500,2031.25,54.04790644958705
500,2062.5,54.048871951454494
500,2093.75,54.049839448142244
500,2125.0,54.05080928492462
500,2156.25,54.051781792225846
500,2187.5,54.052757286186484
500,2218.75,54.0537360692241
500,2250.0,54.05471843058535
500,2281.25,54.05570464688716
500,2312.5,54.05669498264505
500,2343.75,54.057689690787356
500,2375.0,54.05868901315416
500,2406.25,54.05969318098021
500,2437.5,54.06070241536136
500,2468.75,54.06171692770418
500,2500.0,54.06273692015868
500,2531.25,54.06376258603406
500,2562.5,54.06479411019781
500,2593.75,54.06583166945821
500,2625.0,54.066875432930665
500,2656.25,54.06792556238822
500,2687.5,54.06898221259662
500,2718.75,54.07004553163455
500,2750.0,54.071115661199215
500,2781.25,54.07219273689819
500,2812.5,54.07327688852761
500,2843.75,54.07436824033758
500,2875.0,54.075466911285034
500,2906.25,54.07657301527482
500,2937.5,54.07768666138923
500,2968.75,54.078807954106765
500,3000.0,54.07993699351035
500,3031.25,54.081073875485636
500,3062.5,54.08221869190985
500,3093.75,54.083371530831485
500,3125.0,54.08453247664142
500,3156.25,54.08570161023583
500,3187.5,54.08687900917119
500,3218.75,54.088064747811885
500,3250.0,54.08925889747073
500,3281.25,54.09046152654269
500,3312.5,54.09167270063229
500,3343.75,54.09289248267478
500,3375.0,54.09412093305165
500,3406.25,54.09535810970056
500,3437.5,54.096604068220046
500,3468.75,54.097858861969264
500,3500.0,54.09912254216298
500,3531.25,54.100395157962154
500,3562.5,54.101676756560124
500,3593.75,54.10296738326488
500,3625.0,54.104267081577404
500,3656.25,54.105575893266334
500,3687.5,54.10689385843926
500,3718.75,54.10822101561058
500,3750.0,54.10955740176636
500,3781.25,54.11090305242608
500,3812.5,54.11225800170164
500,3843.75,54.113622282353624
500,3875.0,54.11499592584504
500,3906.25,54.11637896239257
500,3937.5,54.11777142101558
500,3968.75,54.11917332958287
500,4000.0,54.120584714857344
500,4031.25,54.1220056025387
500,4062.5,54.12343601730423
500,4093.75,54.124875982847776
500,4125.0,54.12632552191705
500,4156.25,54.127784656349235
500,4187.5,54.12925340710506
500,4218.75,54.13073179430144
500,4250.0,54.132219837242644
500,4281.25,54.133717554450165
500,4312.5,54.13522496369126
500,4343.75,54.136742082006336
500,4375.0,54.13826892573514
500,4406.25,54.1398055105418
500,4437.5,54.14135185143893
500,4468.75,54.14290796281057
500,4500.0,54.144473858434324
500,4531.25,54.146049551502465
500,4562.5,54.147635054642215
500,4593.75,54.14923037993519
500,4625.0,54.15083553893606
500,4656.25,54.15245054269041
500,4687.5,54.15407540175192
500,4718.75,54.15571012619883
500,4750.0,54.157354725649746
500,4781.25,54.15900920927882
500,4812.5,54.16067358583033
500,4843.75,54.162347863632654
500,4875.0,54.16403205061173
500,4906.25,54.165726154303975
500,4937.5,54.16743018186869
500,4968.75,54.1691441401
500,5000.0,54.170868035438325
500,5031.25,54.172601873981385
500,5062.5,54.17434566149485
500,5093.75,54.176099403422484
500,5125.0,54.17786310489603
500,5156.25,54.17963677074459
500,5187.5,54.181420405503744
500,5218.75,54.18321401342431
500,5250.0,54.185017598480755
500,5281.25,54.18683116437929
500,5312.5,54.18865471456572
500,5343.75,54.190488252232946
500,5375.0,54.192331780328225
500,5406.25,54.19418530156013
500,5437.5,54.19604881840536
500,5468.75,54.19792233311514
500,5500.0,54.19980584772153
500,5531.25,54.20169936404346
500,5562.5,54.20360288369258
500,5593.75,54.2055164080788
500,5625.0,54.20743993841577
500,5656.25,54.209373475726096
500,5687.5,54.2113170208464
500,5718.75,54.21327057443216
500,5750.0,54.215234136962444
500,5781.25,54.21720770874443
500,5812.5,54.21919128991783
500,5843.75,54.22118488045909
500,5875.0,54.2231884801855
500,5906.25,54.225202088759154
500,5937.5,54.227225705690785
500,5968.75,54.22925933034342
500,6000.0,54.23130296193602
500,6031.25,54.233356599546866
500,6062.5,54.23542024211696
500,6093.75,54.23749388845322
500,6125.0,54.23957753723163
500,6156.25,54.24167118700024
500,6187.5,54.243774836182126
500,6218.75,54.245888483078204
500,6250.0,54.24801212586998
500,6281.25,54.250145762622196
500,6312.5,54.25228939128543
500,6343.75,54.25444300969856
500,6375.0,54.25660661559118
500,6406.25,54.25878020658595
500,6437.5,54.26096378020087
500,6468.75,54.26315733385142
500,6500.0,54.265360864852774
500,6531.25,54.26757437042179
500,6562.5,54.26979784767905
500,6593.75,54.27203129365078
500,6625.0,54.27427470527072
500,6656.25,54.276528079382004
500,6687.5,54.278791412738855
500,6718.75,54.281064702008344
500,6750.0,54.283347943772064
500,6781.25,54.28564113452773
500,6812.5,54.28794427069072
500,6843.75,54.29025734859569
500,6875.0,54.29258036449793
500,6906.25,54.29491331457492
500,6937.5,54.297256194927634
500,6968.75,54.29960900158195
500,7000.0,54.30197173048996
500,7031.25,54.30434437753122
500,7062.5,54.30672693851404
500,7093.75,54.309119409176645
500,7125.0,54.311521785188404
500,7156.25,54.31393406215091
500,7187.5,54.316356235599166
500,7218.75,54.318788301002584
500,7250.0,54.321230253766124
500,7281.25,54.323682089231234
500,7312.5,54.32614380267691
500,7343.75,54.328615389320625
500,7375.0,54.33109684431929
500,7406.25,54.33358816277018
500,7437.5,54.33608933971178
500,7468.75,54.33860037012476
500,7500.0,54.34112124893267
500,7531.25,54.34365197100292
500,7562.5,54.34619253114747
500,7593.75,54.34874292412369
500,7625.0,54.351303144635054
500,7656.25,54.353873187331956
500,7687.5,54.35645304681238
500,7718.75,54.35904271762264
500,7750.0,54.361642194258046
500,7781.25,54.364251471163605
500,7812.5,54.36687054273464
500,7843.75,54.36949940331747
500,7875.0,54.37213804720999
500,7906.25,54.37478646866232
500,7937.5,54.37744466187739
500,7968.75,54.3801126210115
500,8000.0,54.38279034017489
500,8031.25,54.38547781343234
500,8062.5,54.38817503480363
500,8093.75,54.39088199826414
500,8125.0,54.39359869774532
500,8156.25,54.39632512713521
500,8187.5,54.39906128027894
500,8218.75,54.40180715097919
500,8250.0,54.404562732996666
500,8281.25,54.407328020050585
500,8312.5,54.41010300581908
500,8343.75,54.412887683939665
500,8375.0,54.41568204800968
500,8406.25,54.41848609158666
500,8437.5,54.4212998081888
500,8468.75,54.42412319129532
500,8500.0,54.42695623434689
500,8531.25,54.42979893074598
500,8562.5,54.43265127385726
500,8593.75,54.43551325700797
500,8625.0,54.43838487348825
500,8656.25,54.44126611655156
500,8687.5,54.444156979414934
500,8718.75,54.44705745525941
500,8750.0,54.4499675372303
500,8781.25,54.45288721843755
500,8812.5,54.45581649195605
500,8843.75,54.458755350825925
500,8875.0,54.46170378805289
500,8906.25,54.464661796608496
500,8937.5,54.467629369430476
500,8968.75,54.470606499423
500,9000.0,54.47359317945697
500,9031.25,54.4765894023703
500,9062.5,54.479595160968195
500,9093.75,54.4826104480234
500,9125.0,54.485635256276495
500,9156.25,54.48866957843612
500,9187.5,54.49171340717925
500,9218.75,54.494766735151444
500,9250.0,54.49782955496708
500,9281.25,54.50090185920962
500,9312.5,54.503983640431805
500,9343.75,54.507074891155916
500,9375.0,54.510175603874
500,9406.25,54.51328577104812
500,9437.5,54.5164053851105
500,9468.75,54.519534438463836
500,9500.0,54.52267292348143
500,9531.25,54.52582083250746
500,9562.5,54.52897815785717
500,9593.75,54.532144891817026
500,9625.0,54.535321026645
500,9656.25,54.5385065545707
500,9687.5,54.541701467795605
500,9718.75,54.54490575849322
500,9750.0,54.5481194188093
500,9781.25,54.551342440862015
500,9812.5,54.55457481674214
500,9843.75,54.55781653851322
500,9875.0,54.561067598211785
500,9906.25,54.56432798784748
500,9937.5,54.56759769940325
500,9968.75,54.57087672483555
500,10000.0,54.574165056074456
500,10031.25,54.577462685023846
500,10062.5,54.580769603561606
500,10093.75,54.58408580353972
500,10125.0,54.587411276784486
500,10156.25,54.590746015096656
500,10187.5,54.59409001025156
500,10218.75,54.59744325399932
500,10250.0,54.60080573806494
500,10281.25,54.6041774541485
500,10312.5,54.60755839392526
500,10343.75,54.610948549045844
500,10375.0,54.61434791113638
500,10406.25,54.6177564717986
500,10437.5,54.62117422261004
500,10468.75,54.62460115512412
500,10500.0,54.628037260870336
500,10531.25,54.63148253135436
500,10562.5,54.63493695805816
500,10593.75,54.638400532440194
500,10625.0,54.641873245935464
500,10656.25,54.6453550899557
500,10687.5,54.648846055889464
500,10718.75,54.6523461351023
500,10750.0,54.65585531893681
500,10781.25,54.65937359871285
500,10812.5,54.662900965727566
500,10843.75,54.66643741125561
500,10875.0,54.669982926549174
500,10906.25,54.67353750283818
500,10937.5,54.67710113133033
500,10968.75,54.680673803211306
500,11000.0,54.684255509644785
500,11031.25,54.68784624177265
500,11062.5,54.69144599071503
500,11093.75,54.695054747570474
500,11125.0,54.698672503416006
500,11156.25,54.70229924930728
500,11187.5,54.705934976278655
500,11218.75,54.709579675343335
500,11250.0,54.713233337493456
500,11281.25,54.7168959537002
500,11312.5,54.72056751491391
500,11343.75,54.72424801206416
500,11375.0,54.72793743605991
500,11406.25,54.731635777789585
500,11437.5,54.73534302812116
500,11468.75,54.73905917790229
500,11500.0,54.74278421796042
500,11531.25,54.746518139102825
500,11562.5,54.75026093211679
500,11593.75,54.75401258776965
500,11625.0,54.75777309680892
500,11656.25,54.76154244996238
500,11687.5,54.76532063793817
500,11718.75,54.76910765142489
500,11750.0,54.7729034810917
500,11781.25,54.776708117588434
500,11812.5,54.780521551545625
500,11843.75,54.78434377357468
500,11875.0,54.788174774267944
500,11906.25,54.792014544198764
500,11937.5,54.79586307392162
500,11968.75,54.79972035397222
500,12000.0,54.803586374867535
500,12031.25,54.80746112710597
500,12062.5,54.81134460116738
500,12093.75,54.81523678751321
500,12125.0,54.819137676586564
500,12156.25,54.82304725881231
500,12187.5,54.82696552459712
500,12218.75,54.83089246432964
500,12250.0,54.834828068380475
500,12281.25,54.83877232710238
500,12312.5,54.84272523083028
500,12343.75,54.84668676988137
500,12375.0,54.8506569345552
500,12406.25,54.854635715133774
500,12437.5,54.85862310188162
500,12468.75,54.86261908504588
500,12500.0,54.866623654856404
500,12531.25,54.870636801525805
500,12562.5,54.87465851524958
500,12593.75,54.878688786206155
500,12625.0,54.882727604557004
500,12656.25,54.8867749604467
500,12687.5,54.89083084400301
500,12718.75,54.894895245337
500,12750.0,54.898968154543056
500,12781.25,54.90304956169903
500,12812.5,54.90713945686629
500,12843.75,54.91123783008979
500,12875.0,54.91534467139818
500,12906.25,54.91945997080385
500,12937.5,54.92358371830305
500,12968.75,54.92771590387593
500,13000.0,54.93185651748664
500,13031.25,54.93600554908341
500,13062.5,54.94016298859862
500,13093.75,54.94432882594889
500,13125.0,54.94850305103513
500,13156.25,54.952685653742655
500,13187.5,54.956876623941234
500,13218.75,54.961075951485185
500,13250.0,54.96528362621343
500,13281.25,54.969499637949596
500,13312.5,54.97372397650209
500,13343.75,54.97795663166415
500,13375.0,54.98219759321393
500,13406.25,54.98644685091461
500,13437.5,54.990704394514424
500,13468.75,54.994970213746754
500,13500.0,54.999244298330225
500,13531.25,55.00352663796873
500,13562.5,55.00781722235157
500,13593.75,55.01211604115347
500,13625.0,55.016423084034685
500,13656.25,55.02073834064107
500,13687.5,55.025061800604135
500,13718.75,55.02939345354117
500,13750.0,55.033733289055235
500,13781.25,55.03808129673532
500,13812.5,55.04243746615636
500,13843.75,55.04680178687933
500,13875.0,55.051174248451304
500,13906.25,55.05555484040556
500,13937.5,55.05994355226163
500,13968.75,55.06434037352535
500,14000.0,55.06874529368896
500,14031.25,55.0731583022312
500,14062.5,55.07757938861732
500,14093.75,55.08200854229921
500,14125.0,55.08644575271542
500,14156.25,55.09089100929128
500,14187.5,55.09534430143894
500,14218.75,55.09980561855745
500,14250.0,55.104274950032824
500,14281.25,55.10875228523814
500,14312.5,55.11323761353356
500,14343.75,55.11773092426645
500,14375.0,55.12223220677143
500,14406.25,55.126741450370425
500,14437.5,55.131258644372764
500,14468.75,55.13578377807524
500,14500.0,55.14031684076219
500,14531.25,55.144857821705536
500,14562.5,55.149406710164875
500,14593.75,55.15396349538757
500,14625.0,55.15852816660876
500,14656.25,55.163100713051506
500,14687.5,55.167681123926776
500,14718.75,55.17226938843359
500,14750.0,55.17686549575904
500,14781.25,55.181469435078384
500,14812.5,55.1860811955551
500,14843.75,55.19070076634095
500,14875.0,55.1953281365761
500,14906.25,55.19996329538909
500,14937.5,55.204606231897
500,14968.75,55.20925693520546
500,15000.0,55.21391539440875
500,15031.25,55.21858159858983
500,15062.5,55.22325553682045
500,15093.75,55.2279371981612
500,15125.0,55.23262657166157
500,15156.25,55.23732364636002
500,15187.5,55.24202841128405
500,15218.75,55.24674085545029
500,15250.0,55.25146096786453
500,15281.25,55.256188737521796
500,15312.5,55.26092415340644
500,15343.75,55.26566720449219
500,15375.0,55.270417879742205
500,15406.25,55.275176168109155
500,15437.5,55.27994205853531
500,15468.75,55.284715539952565
500,15500.0,55.28949660128252
500,15531.25,55.29428523143658
500,15562.5,55.29908141931596
500,15593.75,55.303885153811805
500,15625.0,55.30869642380523
500,15656.25,55.31351521816739
500,15687.5,55.31834152575954
500,15718.75,55.32317533543314
500,15750.0,55.32801663602985
500,15781.25,55.33286541638165
500,15812.5,55.337721665310895
500,15843.75,55.34258537163038
500,15875.0,55.347456524143375
500,15906.25,55.352335111643754
500,15937.5,55.357221122915995
500,15968.75,55.362114546735285
500,16000.0,55.367015371867566
1000,0.0,60.003
1000,31.25,60.00311809022235
1000,62.5,60.00347110813097
1000,93.75,60.00405533183182
1000,125.0,60.00486467748011
1000,156.25,60.005890871559714
1000,187.5,60.00712367928188
1000,218.75,60.00855117760001
1000,250.0,60.010160059718196
1000,281.25,60.011935957324646
1000,312.5,60.01386376707428
1000,343.75,60.01592796895508
1000,375.0,60.018112925916974
1000,406.25,60.02040315630364
1000,437.5,60.022783572985404
1000,468.75,60.02523968544443
1000,500.0,60.02775776324614
1000,531.25,60.030324961226306
1000,562.5,60.03292940825847
1000,593.75,60.03556026261618
1000,625.0,60.03820773771606
1000,656.25,60.04086310245701
1000,687.5,60.04351866050933
1000,718.75,60.04616771281417
1000,750.0,60.0488045072894
1000,781.25,60.05142417935806
1000,812.5,60.05402268646938
1000,843.75,60.056596739308475
1000,875.0,60.059143731921004
1000,906.25,60.06166167253409
1000,937.5,60.06414911644939
1000,968.75,60.06660510202622
1000,1000.0,60.06902909046574
1000,1031.25,60.07142090984997
1000,1062.5,60.07378070368053
1000,1093.75,60.07610888399574
1000,1125.0,60.07840608901688
1000,1156.25,60.08067314517941
1000,1187.5,60.08291103333702
1000,1218.75,60.085120858881425
1000,1250.0,60.08730382549361
1000,1281.25,60.089461212229246
1000,1312.5,60.091594353638904
1000,1343.75,60.09370462262952
1000,1375.0,60.095793415785266
1000,1406.25,60.09786214088129
1000,1437.5,60.09991220634186
1000,1468.75,60.10194501241361
1000,1500.0,60.10396194384414
1000,1531.25,60.105964363875906
1000,1562.5,60.1079536093839
1000,1593.75,60.109930987003615
1000,1625.0,60.111897770112684
1000,1656.25,60.113855196544776
1000,1687.5,60.1158044669288
1000,1718.75,60.11774674355929
1000,1750.0,60.119683149715506
1000,1781.25,60.12161476935731
1000,1812.5,60.123542647135196
1000,1843.75,60.12546778866021
1000,1875.0,60.12739116098684
1000,1906.25,60.12931369326847
1000,1937.5,60.13123627755077
1000,1968.75,60.13315976967318
1000,2000.0,60.13508499025341
1000,2031.25,60.137012725733356
1000,2062.5,60.13894372946823
1000,2093.75,60.14087872284374
1000,2125.0,60.14281839640849
1000,2156.25,60.14476341101095
1000,2187.5,60.146714398932225
1000,2218.75,60.14867196500745
1000,2250.0,60.15063668772996
1000,2281.25,60.152609120333565
1000,2312.5,60.15458979184935
1000,2343.75,60.15657920813396
1000,2375.0,60.158577852867566
1000,2406.25,60.160586188519666
1000,2437.5,60.16260465728197
1000,2468.75,60.164633681967615
1000,2500.0,60.166673666876605
1000,2531.25,60.16872499862737
1000,2562.5,60.17078804695487
1000,2593.75,60.17286316547567
1000,2625.0,60.17495069242059
1000,2656.25,60.17705095133569
1000,2687.5,60.179164251752496
1000,2718.75,60.18129088982834
1000,2750.0,60.18343114895768
1000,2781.25,60.185585300355626
1000,2812.5,60.187753603614475
1000,2843.75,60.1899363072344
1000,2875.0,60.19213364912932
1000,2906.25,60.19434585710888
1000,2937.5,60.19657314933771
1000,2968.75,60.198815734772786
1000,3000.0,60.201073813579946
1000,3031.25,60.20334757753053
1000,3062.5,60.20563721037895
1000,3093.75,60.20794288822221
1000,3125.0,60.2102647798421
1000,3156.25,60.21260304703092
1000,3187.5,60.21495784490163
1000,3218.75,60.21732932218302
1000,3250.0,60.219717621500706
1000,3281.25,60.22212287964464
1000,3312.5,60.224545227823825
1000,3343.75,60.2269847919088
1000,3375.0,60.22944169266255
1000,3406.25,60.231916045960375
1000,3437.5,60.23440796299935
1000,3468.75,60.23691755049777
1000,3500.0,60.23944491088522
1000,3531.25,60.24199014248355
1000,3562.5,60.2445533396795
1000,3593.75,60.24713459308902
1000,3625.0,60.24973398971405
1000,3656.25,60.25235161309192
1000,3687.5,60.25498754343776
1000,3718.75,60.257641857780406
1000,3750.0,60.26031463009197
1000,3781.25,60.26300593141141
1000,3812.5,60.26571582996253
1000,3843.75,60.2684443912665
1000,3875.0,60.27119167824932
1000,3906.25,60.27395775134438
1000,3937.5,60.27674266859041
1000,3968.75,60.27954648572499
1000,4000.0,60.28236925627394
1000,4031.25,60.28521103163665
1000,4062.5,60.28807186116771
1000,4093.75,60.29095179225481
1000,4125.0,60.29385087039336
1000,4156.25,60.29676913925772
1000,4187.5,60.299706640769365
1000,4218.75,60.30266341516213
1000,4250.0,60.30563950104454
1000,4281.25,60.30863493545958
1000,4312.5,60.31164975394177
1000,4343.75,60.31468399057193
1000,4375.0,60.31773767802952
1000,4406.25,60.32081084764285
1000,4437.5,60.3239035294371
1000,4468.75,60.32701575218039
1000,4500.0,60.330147543427906
1000,4531.25,60.33329892956419
1000,4562.5,60.33646993584368
1000,4593.75,60.33966058642964
1000,4625.0,60.342870904431365
1000,4656.25,60.34610091194006
1000,4687.5,60.34935063006308
1000,4718.75,60.3526200789569
1000,4750.0,60.355909277858736
1000,4781.25,60.3592182451169
1000,4812.5,60.36254699821991
1000,4843.75,60.36589555382456
1000,4875.0,60.36926392778271
1000,4906.25,60.37265213516719
1000,4937.5,60.37606019029663
1000,4968.75,60.379488106759254
1000,5000.0,60.3829358974359
1000,5031.25,60.38640357452202
1000,5062.5,60.389891149548944
1000,5093.75,60.393398633404225
1000,5125.0,60.39692603635131
1000,5156.25,60.400473368048424
1000,5187.5,60.40404063756674
1000,5218.75,60.407627853407874
1000,5250.0,60.41123502352075
1000,5281.25,60.41486215531783
1000,5312.5,60.418509255690694
1000,5343.75,60.42217633102515
1000,5375.0,60.42586338721569
1000,5406.25,60.42957042967952
1000,5437.5,60.43329746336997
1000,5468.75,60.43704449278952
1000,5500.0,60.4408115220023
1000,5531.25,60.444598554646184
1000,5562.5,60.448405593944415
1000,5593.75,60.452232642716844
1000,5625.0,60.456079703390785
1000,5656.25,60.45994677801145
1000,5687.5,60.46383386825205
1000,5718.75,60.46774097542357
1000,5750.0,60.47166810048413
1000,5781.25,60.475615244048115
1000,5812.5,60.47958240639491
1000,5843.75,60.48356958747743
1000,5875.0,60.48757678693025
1000,5906.25,60.491604004077566
1000,5937.5,60.49565123794081
1000,5968.75,60.49971848724609
1000,6000.0,60.50380575043128
1000,6031.25,60.50791302565298
1000,6062.5,60.51204031079317
1000,6093.75,60.516187603465696
1000,6125.0,60.52035490102251
1000,6156.25,60.52454220055973
1000,6187.5,60.5287494989235
1000,6218.75,60.53297679271566
1000,6250.0,60.537224078299204
1000,6281.25,60.54149135180364
1000,6312.5,60.54577860913011
1000,6343.75,60.55008584595637
1000,6375.0,60.55441305774161
1000,6406.25,60.55876023973116
1000,6437.5,60.56312738696098
1000,6468.75,60.56751449426209
1000,6500.0,60.5719215562648
1000,6531.25,60.57634856740284
1000,6562.5,60.58079552191735
1000,6593.75,60.585262413860804
1000,6625.0,60.5897492371007
1000,6656.25,60.59425598532326
1000,6687.5,60.59878265203695
1000,6718.75,60.603329230575945
1000,6750.0,60.607895714103385
1000,6781.25,60.6124820956147
1000,6812.5,60.6170883679407
1000,6843.75,60.621714523750626
1000,6875.0,60.62636055555512
1000,6906.25,60.63102645570908
1000,6937.5,60.63571221641451
1000,6968.75,60.64041782972315
1000,7000.0,60.64514328753916
1000,7031.25,60.649888581621695
1000,7062.5,60.65465370358733
1000,7093.75,60.65943864491254
1000,7125.0,60.66424339693605
1000,7156.25,60.66906795086108
1000,7187.5,60.673912297757575
1000,7218.75,60.678776428564426
1000,7250.0,60.6836603340915
1000,7281.25,60.68856400502172
1000,7312.5,60.69348743191307
1000,7343.75,60.69843060520049
1000,7375.0,60.70339351519783
1000,7406.25,60.708376152099596
1000,7437.5,60.713378505982824
1000,7468.75,60.71840056680876
1000,7500.0,60.723442324424596
1000,7531.25,60.7285037685651
1000,7562.5,60.7335848888542
1000,7593.75,60.738685674806625
1000,7625.0,60.74380611582936
1000,7656.25,60.74894620122316
1000,7687.5,60.75410592018401
1000,7718.75,60.75928526180453
1000,7750.0,60.76448421507535
1000,7781.25,60.76970276888646
1000,7812.5,60.77494091202853
1000,7843.75,60.78019863319418
1000,7875.0,60.78547592097922
1000,7906.25,60.79077276388389
1000,7937.5,60.79608915031403
1000,7968.75,60.80142506858224
1000,8000.0,60.806780506909035
1000,8031.25,60.81215545342393
1000,8062.5,60.81754989616651
1000,8093.75,60.822963823087534
1000,8125.0,60.828397222049894
1000,8156.25,60.83385008082968
1000,8187.5,60.839322387117136
1000,8218.75,60.844814128517626
1000,8250.0,60.85032529255259
1000,8281.25,60.85585586666042
1000,8312.5,60.861405838197406
1000,8343.75,60.86697519443859
1000,8375.0,60.87256392257861
1000,8406.25,60.878172009732566
1000,8437.5,60.88379944293684
1000,8468.75,60.88944620914989
1000,8500.0,60.89511229525303
1000,8531.25,60.90079768805121
1000,8562.5,60.90650237427378
1000,8593.75,60.91222634057519
1000,8625.0,60.91796957353576
1000,8656.25,60.92373205966236
1000,8687.5,60.92951378538912
1000,8718.75,60.935314737078066
1000,8750.0,60.94113490101985
1000,8781.25,60.946974263434356
1000,8812.5,60.95283281047135
1000,8843.75,60.9587105282111
1000,8875.0,60.964607402665024
1000,8906.25,60.97052341977624
1000,8937.5,60.9764585654202
1000,8968.75,60.982412825405255
1000,9000.0,60.98838618547319
1000,9031.25,60.99437863129985
1000,9062.5,61.00039014849564
1000,9093.75,61.00642072260605
1000,9125.0,61.012470339112234
1000,9156.25,61.01853898343148
1000,9187.5,61.024626640917745
1000,9218.75,61.03073329686214
1000,9250.0,61.036858936493424
1000,9281.25,61.0430035449785
1000,9312.5,61.04916710742285
1000,9343.75,61.055349608871076
1000,9375.0,61.061551034307264
1000,9406.25,61.06777136865549
1000,9437.5,61.074010596780255
1000,9468.75,61.080268703486915
1000,9500.0,61.08654567352211
1000,9531.25,61.09284149157418
1000,9562.5,61.09915614227358
1000,9593.75,61.1054896101933
1000,9625.0,61.11184187984925
1000,9656.25,61.118212935700654
1000,9687.5,61.12460276215046
1000,9718.75,61.13101134354569
1000,9750.0,61.13743866417785
1000,9781.25,61.14388470828328
1000,9812.5,61.15034946004353
1000,9843.75,61.156832903585695
1000,9875.0,61.16333502298282
1000,9906.25,61.169855802254204
1000,9937.5,61.17639522536576
1000,9968.75,61.18295327623035
1000,10000.0,61.189529938708155
1000,10031.25,61.19612519660695
1000,10062.5,61.20273903368246
1000,10093.75,61.209371433638694
1000,10125.0,61.21602238012823
1000,10156.25,61.22269185675256
1000,10187.5,61.229379847062376
1000,10218.75,61.236086334557896
1000,10250.0,61.24281130268914
1000,10281.25,61.24955473485625
1000,10312.5,61.25631661440976
1000,10343.75,61.26309692465094
1000,10375.0,61.269895648832005
1000,10406.25,61.27671277015645
1000,10437.5,61.283548271779324
1000,10468.75,61.290402136807494
1000,10500.0,61.29727434829993
1000,10531.25,61.304164889267966
1000,10562.5,61.311073742675575
1000,10593.75,61.31800089143964
1000,10625.0,61.32494631843017
1000,10656.25,61.33191000647064
1000,10687.5,61.33889193833818
1000,10718.75,61.34589209676384
1000,10750.0,61.352910464432874
1000,10781.25,61.35994702398494
1000,10812.5,61.36700175801438
1000,10843.75,61.374074649070465
1000,10875.0,61.3811656796576
1000,10906.25,61.3882748322356
1000,10937.5,61.39540208921992
1000,10968.75,61.402547432981855
1000,11000.0,61.40971084584882
1000,11031.25,61.416892310104544
1000,11062.5,61.42409180798931
1000,11093.75,61.4313093217002
1000,11125.0,61.43854483339127
1000,11156.25,61.44579832517381
1000,11187.5,61.45306977911656
1000,11218.75,61.46035917724593
1000,11250.0,61.46766650154617
1000,11281.25,61.47499173395966
1000,11312.5,61.48233485638706
1000,11343.75,61.48969585068757
1000,11375.0,61.49707469867907
1000,11406.25,61.50447138213842
1000,11437.5,61.51188588280157
1000,11468.75,61.51931818236384
1000,11500.0,61.52676826248008
1000,11531.25,61.5342361047649
1000,11562.5,61.541721690792826
1000,11593.75,61.549225002098545
1000,11625.0,61.55674602017709
1000,11656.25,61.564284726484004
1000,11687.5,61.57184110243558
1000,11718.75,61.57941512940903
1000,11750.0,61.58700678874266
1000,11781.25,61.59461606173611
1000,11812.5,61.6022429296505
1000,11843.75,61.60988737370862
1000,11875.0,61.61754937509514
1000,11906.25,61.62522891495678
1000,11937.5,61.6329259744025
1000,11968.75,61.64064053450368
1000,12000.0,61.64837257629432
1000,12031.25,61.65612208077118
1000,12062.5,61.663889028894005
1000,12093.75,61.671673401585664
1000,12125.0,61.679475179732385
1000,12156.25,61.68729434418387
1000,12187.5,61.6951308757535
1000,12218.75,61.702984755218516
1000,12250.0,61.710855963320206
1000,12281.25,61.71874448076402
1000,12312.5,61.726650288219815
1000,12343.75,61.73457336632199
1000,12375.0,61.74251369566965
1000,12406.25,61.75047125682679
1000,12437.5,61.75844603032249
1000,12468.75,61.766437996651014
1000,12500.0,61.77444713627206
1000,12531.25,61.78247342961087
1000,12562.5,61.790516857058414
1000,12593.75,61.79857739897157
1000,12625.0,61.80665503567326
1000,12656.25,61.814749747452645
1000,12687.5,61.822861514565275
1000,12718.75,61.830990317233244
1000,12750.0,61.839136135645354
1000,12781.25,61.847298949957306
1000,12812.5,61.85547874029182
1000,12843.75,61.86367548673883
1000,12875.0,61.871889169355605
1000,12906.25,61.88011976816695
1000,12937.5,61.88836726316535
1000,12968.75,61.896631634311106
1000,13000.0,61.90491286153252
1000,13031.25,61.91321092472607
1000,13062.5,61.921525803756495
1000,13093.75,61.92985747845703
1000,13125.0,61.938205928629515
1000,13156.25,61.94657113404456
1000,13187.5,61.95495307444172
1000,13218.75,61.96335172952961
1000,13250.0,61.971767078986105
1000,13281.25,61.98019910245845
1000,13312.5,61.98864777956343
1000,13343.75,61.99711308988754
1000,13375.0,62.005595012987115
1000,13406.25,62.01409352838847
1000,13437.5,62.0226086155881
1000,13468.75,62.031140254052765
1000,13500.0,62.039688423219694
1000,13531.25,62.048253102496716
1000,13562.5,62.05683427126239
1000,13593.75,62.06543190886618
1000,13625.0,62.07404599462861
1000,13656.25,62.08267650784138
1000,13687.5,62.09132342776753
1000,13718.75,62.099986733641586
1000,13750.0,62.10866640466973
1000,13781.25,62.1173624200299
1000,13812.5,62.12607475887197
1000,13843.75,62.13480340031791
1000,13875.0,62.143548323461864
1000,13906.25,62.15230950737038
1000,13937.5,62.16108693108251
1000,13968.75,62.169880573609944
1000,14000.0,62.178690413937176
1000,14031.25,62.187516431021656
1000,14062.5,62.1963586037939
1000,14093.75,62.20521691115767
1000,14125.0,62.21409133199009
1000,14156.25,62.22298184514181
1000,14187.5,62.23188842943713
1000,14218.75,62.240811063674144
1000,14250.0,62.2497497266249
1000,14281.25,62.25870439703553
1000,14312.5,62.26767505362638
1000,14343.75,62.276661675092164
1000,14375.0,62.285664240102115
1000,14406.25,62.2946827273001
1000,14437.5,62.30371711530478
1000,14468.75,62.31276738270974
1000,14500.0,62.32183350808363
1000,14531.25,62.330915469970314
1000,14562.5,62.34001324688901
1000,14593.75,62.34912681733439
1000,14625.0,62.35825615977678
1000,14656.25,62.367401252662255
1000,14687.5,62.3765620744128
1000,14718.75,62.385738603426425
1000,14750.0,62.39493081807733
1000,14781.25,62.40413869671601
1000,14812.5,62.413362217669444
1000,14843.75,62.42260135924116
1000,14875.0,62.431856099711446
1000,14906.25,62.44112641733743
1000,14937.5,62.45041229035325
1000,14968.75,62.45971369697018
1000,15000.0,62.469030615376745
1000,15031.25,62.47836302373891
1000,15062.5,62.487710900200156
1000,15093.75,62.49707422288165
1000,15125.0,62.50645296988239
1000,15156.25,62.51584711927928
1000,15187.5,62.52525664912736
1000,15218.75,62.53468153745984
1000,15250.0,62.54412176228831
1000,15281.25,62.55357730160285
1000,15312.5,62.56304813337214
1000,15343.75,62.57253423554363
1000,15375.0,62.58203558604365
1000,15406.25,62.59155216277756
1000,15437.5,62.601083943629874
1000,15468.75,62.61063090646438
1000,15500.0,62.620193029124295
1000,15531.25,62.62977028943241
1000,15562.5,62.63936266519117
1000,15593.75,62.64897013418286
1000,15625.0,62.658592674169704
1000,15656.25,62.66823026289403
1000,15687.5,62.67788287807834
1000,15718.75,62.68755049742553
1000,15750.0,62.697233098618945
1000,15781.25,62.70693065932255
1000,15812.5,62.716643157181046
1000,15843.75,62.726370569820006
1000,15875.0,62.73611287484601
1000,15906.25,62.745870049846765
1000,15937.5,62.75564207239125
1000,15968.75,62.76542892002982
1000,16000.0,62.77523057029438
2000,0.0,66.02659991327963
2000,31.25,66.02683609372433
2000,62.5,66.02754212954156
2000,93.75,66.02871057694327
2000,125.0,66.03032926823984
2000,156.25,66.03238165639905
2000,187.5,66.03484727184339
2000,218.75,66.03770226847965
2000,250.0,66.04092003271602
2000,281.25,66.04447182792892
2000,312.5,66.04832744742818
2000,343.75,66.05245585118979
2000,375.0,66.05682576511357
2000,406.25,66.0614062258869
2000,437.5,66.06616705925043
2000,468.75,66.07107928416849
2000,500.0,66.07611543977191
2000,531.25,66.08124983573224
2000,562.5,66.08645872979656
2000,593.75,66.09172043851198
2000,625.0,66.09701538871174
2000,656.25,66.10232611819364
2000,687.5,66.10763723429828
2000,718.75,66.11293533890796
2000,750.0,66.11820892785842
2000,781.25,66.12344827199574
2000,812.5,66.12864528621839
2000,843.75,66.13379339189657
2000,875.0,66.13888737712163
2000,906.25,66.14392325834781
2000,937.5,66.14889814617841
2000,968.75,66.15381011733207
2000,1000.0,66.1586580942111
2000,1031.25,66.16344173297956
2000,1062.5,66.16816132064068
2000,1093.75,66.1728176812711
2000,1125.0,66.17741209131339
2000,1156.25,66.18194620363845
2000,1187.5,66.18642197995366
2000,1218.75,66.19084163104247
2000,1250.0,66.19520756426685
2000,1281.25,66.19952233773812
2000,1312.5,66.20378862055743
2000,1343.75,66.20800915853866
2000,1375.0,66.21218674485016
2000,1406.25,66.2163241950422
2000,1437.5,66.22042432596335
2000,1468.75,66.22448993810684
2000,1500.0,66.2285238009679
2000,1531.25,66.23252864103144
2000,1562.5,66.23650713204742
2000,1593.75,66.24046188728686
2000,1625.0,66.24439545350499
2000,1656.25,66.24831030636918
2000,1687.5,66.25220884713723
2000,1718.75,66.2560934003982
2000,1750.0,66.25996621271064
2000,1781.25,66.26382945199424
2000,1812.5,66.26768520755002
2000,1843.75,66.27153549060004
2000,1875.0,66.2753822352533
2000,1906.25,66.27922729981657
2000,1937.5,66.28307246838116
2000,1968.75,66.28691945262598
2000,2000.0,66.29076989378645
2000,2031.25,66.29462536474634
2000,2062.5,66.29848737221609
2000,2093.75,66.3023573589671
2000,2125.0,66.3062367060966
2000,2156.25,66.31012673530152
2000,2187.5,66.31402871114408
2000,2218.75,66.31794384329453
2000,2250.0,66.32187328873954
2000,2281.25,66.32581815394676
2000,2312.5,66.32977949697832
2000,2343.75,66.33375832954755
2000,2375.0,66.33775561901476
2000,2406.25,66.34177229031896
2000,2437.5,66.34580922784356
2000,2468.75,66.34986727721486
2000,2500.0,66.35394724703283
2000,2531.25,66.35804991053436
2000,2562.5,66.36217600718936
2000,2593.75,66.36632624423096
2000,2625.0,66.3705012981208
2000,2656.25,66.374701815951
2000,2687.5,66.37892841678462
2000,2718.75,66.3831816929363
2000,2750.0,66.38746221119499
2000,2781.25,66.39177051399088
2000,2812.5,66.39610712050857
2000,2843.75,66.40047252774842
2000,2875.0,66.40486721153826
2000,2906.25,66.40929162749738
2000,2937.5,66.41374621195504
2000,2968.75,66.4182313828252
2000,3000.0,66.42274754043952
2000,3031.25,66.42729506834068
2000,3062.5,66.43187433403753
2000,3093.75,66.43648568972405
2000,3125.0,66.44112947296382
2000,3156.25,66.44580600734146
2000,3187.5,66.45051560308289
2000,3218.75,66.45525855764566
2000,3250.0,66.46003515628104
2000,3281.25,66.4648456725689
2000,3312.5,66.46969036892727
2000,3343.75,66.47456949709722
2000,3375.0,66.47948329860472
2000,3406.25,66.48443200520038
2000,3437.5,66.48941583927832
2000,3468.75,66.49443501427517
2000,3500.0,66.49948973505006
2000,3531.25,66.50458019824673
2000,3562.5,66.50970659263862
2000,3593.75,66.51486909945767
2000,3625.0,66.52006789270773
2000,3656.25,66.52530313946346
2000,3687.5,66.53057500015514
2000,3718.75,66.53588362884044
2000,3750.0,66.54122917346356
2000,3781.25,66.54661177610245
2000,3812.5,66.55203157320469
2000,3843.75,66.55748869581262
2000,3875.0,66.56298326977827
2000,3906.25,66.56851541596839
2000,3937.5,66.57408525046044
2000,3968.75,66.57969288472961
2000,4000.0,66.5853384258275
2000,4031.25,66.59102197655292
2000,4062.5,66.59674363561504
2000,4093.75,66.60250349778924
2000,4125.0,66.60830165406635
2000,4156.25,66.61413819179506
2000,4187.5,66.62001319481836
2000,4218.75,66.62592674360388
2000,4250.0,66.6318789153687
2000,4281.25,66.63786978419878
2000,4312.5,66.64389942116317
2000,4343.75,66.64996789442348
2000,4375.0,66.65607526933867
2000,4406.25,66.66222160856533
2000,4437.5,66.66840697215383
2000,4468.75,66.6746314176404
2000,4500.0,66.68089500013544
2000,4531.25,66.687197772408
2000,4562.5,66.69353978496699
2000,4593.75,66.6999210861389
2000,4625.0,66.70634172214235
2000,4656.25,66.71280173715975
2000,4687.5,66.71930117340578
2000,4718.75,66.72584007119343
2000,4750.0,66.7324184689971
2000,4781.25,66.73903640351342
2000,4812.5,66.74569390971945
2000,4843.75,66.75239102092874
2000,4875.0,66.75912776884505
2000,4906.25,66.76590418361401
2000,4937.5,66.77272029387288
2000,4968.75,66.77957612679813
2000,5000.0,66.78647170815142
2000,5031.25,66.79340706232367
2000,5062.5,66.80038221237751
2000,5093.75,66.80739718008807
2000,5125.0,66.81445198598225
2000,5156.25,66.82154664937647
2000,5187.5,66.8286811884131
2000,5218.75,66.83585562009537
2000,5250.0,66.84306996032113
2000,5281.25,66.85032422391528
2000,5312.5,66.85761842466101
2000,5343.75,66.86495257532992
2000,5375.0,66.87232668771101
2000,5406.25,66.87974077263867
2000,5437.5,66.88719484001956
2000,5468.75,66.89468889885866
2000,5500.0,66.90222295728422
2000,5531.25,66.909797022572
2000,5562.5,66.91741110116845
2000,5593.75,66.92506519871331
2000,5625.0,66.9327593200612
2000,5656.25,66.94049346930252
2000,5687.5,66.94826764978373
2000,5718.75,66.95608186412676
2000,5750.0,66.96393611424789
2000,5781.25,66.97183040137585
2000,5812.5,66.97976472606945
2000,5843.75,66.98773908823449
2000,5875.0,66.99575348714012
2000,5906.25,67.00380792143476
2000,5937.5,67.01190238916125
2000,5968.75,67.02003688777181
2000,6000.0,67.02821141414219
2000,6031.25,67.03642596458559
2000,6062.5,67.04468053486596
2000,6093.75,67.05297512021102
2000,6125.0,67.06130971532464
2000,6156.25,67.06968431439908
2000,6187.5,67.07809891112663
2000,6218.75,67.08655349871094
2000,6250.0,67.09504806987803
2000,6281.25,67.10358261688691
2000,6312.5,67.11215713153985
2000,6343.75,67.12077160519236
2000,6375.0,67.12942602876285
2000,6406.25,67.13812039274194
2000,6437.5,67.14685468720158
2000,6468.75,67.15562890180381
2000,6500.0,67.16444302580922
2000,6531.25,67.1732970480853
2000,6562.5,67.18219095711433
2000,6593.75,67.19112474100123
2000,6625.0,67.20009838748102
2000,6656.25,67.20911188392614
2000,6687.5,67.21816521735353
2000,6718.75,67.22725837443151
2000,6750.0,67.2363913414864
2000,6781.25,67.24556410450903
2000,6812.5,67.25477664916103
2000,6843.75,67.26402896078088
2000,6875.0,67.27332102438986
2000,6906.25,67.28265282469779
2000,6937.5,67.29202434610865
2000,6968.75,67.30143557272592
2000,7000.0,67.31088648835795
2000,7031.25,67.32037707652302
2000,7062.5,67.32990732045428
2000,7093.75,67.3394772031047
2000,7125.0,67.34908670715173
2000,7156.25,67.35873581500178
2000,7187.5,67.36842450879477
2000,7218.75,67.37815277040848
2000,7250.0,67.38792058146262
2000,7281.25,67.39772792332306
2000,7312.5,67.40757477710576
2000,7343.75,67.41746112368061
2000,7375.0,67.42738694367529
2000,7406.25,67.43735221747882
2000,7437.5,67.44735692524527
2000,7468.75,67.45740104689715
2000,7500.0,67.46748456212882
2000,7531.25,67.47760745040982
2000,7562.5,67.48776969098803
2000,7593.75,67.49797126289288
2000,7625.0,67.50821214493834
2000,7656.25,67.51849231572595
2000,7687.5,67.52881175364764
2000,7718.75,67.53917043688868
2000,7750.0,67.54956834343032
2000,7781.25,67.56000545105255
2000,7812.5,67.57048173733669
2000,7843.75,67.58099717966799
2000,7875.0,67.59155175523807
2000,7906.25,67.60214544104741
2000,7937.5,67.61277821390769
2000,7968.75,67.6234500504441
2000,8000.0,67.6341609270977
2000,8031.25,67.64491082012748
2000,8062.5,67.65569970561265
2000,8093.75,67.66652755945469
2000,8125.0,67.67739435737941
2000,8156.25,67.68830007493898
2000,8187.5,67.6992446875139
2000,8218.75,67.71022817031488
2000,8250.0,67.7212504983848
2000,8281.25,67.73231164660046
2000,8312.5,67.74341158967444
2000,8343.75,67.7545503021568
2000,8375.0,67.76572775843684
2000,8406.25,67.77694393274476
2000,8437.5,67.7881987991533
2000,8468.75,67.7994923315794
2000,8500.0,67.81082450378568
2000,8531.25,67.82219528938205
2000,8562.5,67.83360466182718
2000,8593.75,67.84505259443
2000,8625.0,67.85653906035114
2000,8656.25,67.86806403260435
2000,8687.5,67.87962748405786
2000,8718.75,67.89122938743576
2000,8750.0,67.90286971531933
2000,8781.25,67.91454844014834
2000,8812.5,67.92626553422232
2000,8843.75,67.93802096970182
2000,8875.0,67.94981471860967
2000,8906.25,67.96164675283211
2000,8937.5,67.97351704412003
2000,8968.75,67.98542556409014
2000,9000.0,67.997372284226
2000,9031.25,68.00935717587933
2000,9062.5,68.0213802102709
2000,9093.75,68.03344135849173
2000,9125.0,68.04554059150409
2000,9156.25,68.05767788014259
2000,9187.5,68.06985319511512
2000,9218.75,68.0820665070039
2000,9250.0,68.09431778626647
2000,9281.25,68.10660700323662
2000,9312.5,68.11893412812533
2000,9343.75,68.13129913102178
2000,9375.0,68.14370198189415
2000,9406.25,68.15614265059061
2000,9437.5,68.16862110684013
2000,9468.75,68.18113732025346
2000,9500.0,68.19369126032385
2000,9531.25,68.20628289642798
2000,9562.5,68.21891219782678
2000,9593.75,68.23157913366623
2000,9625.0,68.24428367297813
2000,9656.25,68.25702578468093
2000,9687.5,68.26980543758054
2000,9718.75,68.282622600371
2000,9750.0,68.29547724163533
2000,9781.25,68.30836932984619
2000,9812.5,68.32129883336668
2000,9843.75,68.33426572045101
2000,9875.0,68.34726995924527
2000,9906.25,68.36031151778803
2000,9937.5,68.37339036401114
2000,9968.75,68.38650646574033
2000,10000.0,68.39965979069594
2000,10031.25,68.41285030649352
2000,10062.5,68.42607798064455
2000,10093.75,68.43934278055701
2000,10125.0,68.45264467353608
2000,10156.25,68.46598362678475
2000,10187.5,68.47935960740438
2000,10218.75,68.49277258239542
2000,10250.0,68.5062225186579
2000,10281.25,68.51970938299212
2000,10312.5,68.53323314209915
2000,10343.75,68.5467937625815
2000,10375.0,68.56039121094364
2000,10406.25,68.57402545359253
2000,10437.5,68.58769645683827
2000,10468.75,68.60140418689461
2000,10500.0,68.61514860987948
2000,10531.25,68.62892969181556
2000,10562.5,68.64274739863077
2000,10593.75,68.6566016961589
2000,10625.0,68.67049255013997
2000,10656.25,68.68441992622091
2000,10687.5,68.69838378995598
2000,10718.75,68.7123841068073
2000,10750.0,68.72642084214537
2000,10781.25,68.7404939612495
2000,10812.5,68.75460342930839
2000,10843.75,68.76874921142056
2000,10875.0,68.78293127259482
2000,10906.25,68.79714957775083
2000,10937.5,68.81140409171947
2000,10968.75,68.82569477924334
2000,11000.0,68.84002160497727
2000,11031.25,68.85438453348871
2000,11062.5,68.86878352925825
2000,11093.75,68.88321855668002
2000,11125.0,68.89768958006216
2000,11156.25,68.91219656362725
2000,11187.5,68.92673947151275
2000,11218.75,68.94131826777148
2000,11250.0,68.95593291637196
2000,11281.25,68.97058338119895
2000,11312.5,68.98526962605375
2000,11343.75,68.99999161465476
2000,11375.0,69.01474931063777
2000,11406.25,69.02954267755646
2000,11437.5,69.04437167888277
2000,11468.75,69.0592362780073
2000,11500.0,69.07413643823979
2000,11531.25,69.08907212280943
2000,11562.5,69.10404329486528
2000,11593.75,69.11904991747672
2000,11625.0,69.1340919536338
2000,11656.25,69.14916936624763
2000,11687.5,69.16428211815078
2000,11718.75,69.17943017209768
2000,11750.0,69.19461349076495
2000,11781.25,69.20983203675185
2000,11812.5,69.22508577258063
2000,11843.75,69.24037466069686
2000,11875.0,69.2556986634699
2000,11906.25,69.27105774319318
2000,11937.5,69.28645186208462
2000,11968.75,69.30188098228699
2000,12000.0,69.31734506586827
2000,12031.25,69.33284407482199
2000,12062.5,69.34837797106763
2000,12093.75,69.36394671645095
2000,12125.0,69.3795502727444
2000,12156.25,69.39518860164736
2000,12187.5,69.41086166478662
2000,12218.75,69.42656942371666
2000,12250.0,69.44231183992004
2000,12281.25,69.45808887480767
2000,12312.5,69.47390048971926
2000,12343.75,69.4897466459236
2000,12375.0,69.50562730461893
2000,12406.25,69.52154242693321
2000,12437.5,69.5374919739246
2000,12468.75,69.55347590658165
2000,12500.0,69.56949418582374
2000,12531.25,69.58554677250136
2000,12562.5,69.60163362739645
2000,12593.75,69.61775471122276
2000,12625.0,69.63390998462614
2000,12656.25,69.65009940818491
2000,12687.5,69.66632294241018
2000,12718.75,69.68258054774611
2000,12750.0,69.69887218457033
2000,12781.25,69.71519781319424
2000,12812.5,69.73155739386327
2000,12843.75,69.74795088675728
2000,12875.0,69.76437825199083
2000,12906.25,69.78083944961352
2000,12937.5,69.79733443961032
2000,12968.75,69.81386318190184
2000,13000.0,69.83042563634467
2000,13031.25,69.84702176273177
2000,13062.5,69.86365152079262
2000,13093.75,69.88031487019369
2000,13125.0,69.89701177053865
2000,13156.25,69.91374218136875
2000,13187.5,69.93050606216306
2000,13218.75,69.94730337233885
2000,13250.0,69.96413407125183
2000,13281.25,69.98099811819652
2000,13312.5,69.99789547240648
2000,13343.75,70.01482609305471
2000,13375.0,70.03178993925385
2000,13406.25,70.04878697005657
2000,13437.5,70.06581714445582
2000,13468.75,70.08288042138516
2000,13500.0,70.09997675971901
2000,13531.25,70.11710611827306
2000,13562.5,70.1342684558044
2000,13593.75,70.15146373101199
2000,13625.0,70.16869190253685
2000,13656.25,70.18595292896238
2000,13687.5,70.20324676881468
2000,13718.75,70.2205733805628
2000,13750.0,70.23793272261908
2000,13781.25,70.25532475333942
2000,13812.5,70.27274943102357
2000,13843.75,70.29020671391544
2000,13875.0,70.30769656020335
2000,13906.25,70.32521892802039
2000,13937.5,70.34277377544464
2000,13968.75,70.36036106049951
2000,14000.0,70.37798074115398
2000,14031.25,70.39563277532294
2000,14062.5,70.41331712086742
2000,14093.75,70.43103373559497
2000,14125.0,70.4487825772598
2000,14156.25,70.46656360356324
2000,14187.5,70.48437677215388
2000,14218.75,70.50222204062791
2000,14250.0,70.52009936652942
2000,14281.25,70.53800870735068
2000,14312.5,70.55595002053238
2000,14343.75,70.57392326346395
2000,14375.0,70.59192839348385
2000,14406.25,70.60996536787982
2000,14437.5,70.62803414388918
2000,14468.75,70.6461346786991
2000,14500.0,70.66426692944688
2000,14531.25,70.68243085322025
2000,14562.5,70.70062640705764
2000,14593.75,70.7188535479484
2000,14625.0,70.73711223283318
2000,14656.25,70.75540241860413
2000,14687.5,70.77372406210523
2000,14718.75,70.79207712013248
2000,14750.0,70.81046154943428
2000,14781.25,70.82887730671165
2000,14812.5,70.84732434861851
2000,14843.75,70.86580263176195
2000,14875.0,70.88431211270252
2000,14906.25,70.90285274795448
2000,14937.5,70.92142449398612
2000,14968.75,70.94002730721998
2000,15000.0,70.95866114403312
2000,15031.25,70.97732596075744
2000,15062.5,70.99602171367994
2000,15093.75,71.01474835904293
2000,15125.0,71.0335058530444
2000,15156.25,71.05229415183818
2000,15187.5,71.07111321153434
2000,15218.75,71.0899629881993
2000,15250.0,71.10884343785625
2000,15281.25,71.12775451648533
2000,15312.5,71.14669618002391
2000,15343.75,71.16566838436688
2000,15375.0,71.18467108536693
2000,15406.25,71.20370423883475
2000,15437.5,71.22276780053937
2000,15468.75,71.24186172620838
2000,15500.0,71.26098597152821
2000,15531.25,71.28014049214444
2000,15562.5,71.29932524366197
2000,15593.75,71.31854018164535
2000,15625.0,71.33778526161903
2000,15656.25,71.35706043906768
2000,15687.5,71.37636566943631
2000,15718.75,71.39570090813069
2000,15750.0,71.41506611051751
2000,15781.25,71.43446123192473
2000,15812.5,71.45388622764172
2000,15843.75,71.47334105291964
2000,15875.0,71.49282566297164
2000,15906.25,71.51234001297316
2000,15937.5,71.53188405806212
2000,15968.75,71.55145775333926
2000,16000.0,71.57106105386839
5000,0.0,73.99440008672038
5000,31.25,73.99499053783214
5000,62.5,73.99675562737522
5000,93.75,73.99967674587948
5000,125.0,74.00372347412089
5000,156.25,74.00885444451896
5000,187.5,74.01501848312978
5000,218.75,74.02215597472042
5000,250.0,74.03020038531136
5000,281.25,74.03907987334361
5000,312.5,74.04871892209177
5000,343.75,74.05903993149578
5000,375.0,74.06996471630525
5000,406.25,74.08141586823855
5000,437.5,74.09331795164739
5000,468.75,74.10559851394252
5000,500.0,74.11818890295109
5000,531.25,74.1310248928519
5000,562.5,74.1440471280127
5000,593.75,74.15720139980128
5000,625.0,74.17043877530067
5000,656.25,74.18371559900541
5000,687.5,74.196993389267
5000,718.75,74.21023865079123
5000,750.0,74.22342262316735
5000,781.25,74.23652098351067
5000,812.5,74.24951351906728
5000,843.75,74.26238378326275
5000,875.0,74.27511874632539
5000,906.25,74.28770844939086
5000,937.5,74.30014566896733
5000,968.75,74.3124255968515
5000,1000.0,74.32454553904907
5000,1031.25,74.33650463597021
5000,1062.5,74.34830360512302
5000,1093.75,74.35994450669905
5000,1125.0,74.37143053180476
5000,1156.25,74.38276581261742
5000,1187.5,74.39395525340547
5000,1218.75,74.4050043811275
5000,1250.0,74.41591921418843
5000,1281.25,74.42670614786662
5000,1312.5,74.43737185491487
5000,1343.75,74.44792319986794
5000,1375.0,74.45836716564669
5000,1406.25,74.46871079112682
5000,1437.5,74.4789611184297
5000,1468.75,74.48912514878842
5000,1500.0,74.49920980594106
5000,1531.25,74.50922190609992
5000,1562.5,74.51916813363987
5000,1593.75,74.52905502173844
5000,1625.0,74.5388889372838
5000,1656.25,74.54867606944426
5000,1687.5,74.55842242136437
5000,1718.75,74.5681338045168
5000,1750.0,74.5778158352979
5000,1781.25,74.58747393350691
5000,1812.5,74.59711332239635
5000,1843.75,74.60673903002143
5000,1875.0,74.61635589165456
5000,1906.25,74.62596855306275
5000,1937.5,74.63558147447422
5000,1968.75,74.64519893508624
5000,2000.0,74.65482503798744
5000,2031.25,74.66446371538717
5000,2062.5,74.67411873406154
5000,2093.75,74.68379370093906
5000,2125.0,74.69349206876281
5000,2156.25,74.70321714177511
5000,2187.5,74.7129720813815
5000,2218.75,74.72275991175762
5000,2250.0,74.73258352537016
5000,2281.25,74.74244568838822
5000,2312.5,74.7523490459671
5000,2343.75,74.76229612739017
5000,2375.0,74.7722893510582
5000,2406.25,74.78233102931871
5000,2437.5,74.79242337313022
5000,2468.75,74.80256849655846
5000,2500.0,74.81276842110341
5000,2531.25,74.82302507985722
5000,2562.5,74.83334032149473
5000,2593.75,74.84371591409874
5000,2625.0,74.8541535488233
5000,2656.25,74.8646548433988
5000,2687.5,74.87522134548287
5000,2718.75,74.88585453586208
5000,2750.0,74.89655583150878
5000,2781.25,74.9073265884985
5000,2812.5,74.91816810479274
5000,2843.75,74.92908162289238
5000,2875.0,74.94006833236695
5000,2906.25,74.95112937226477
5000,2937.5,74.96226583340894
5000,2968.75,74.9734787605843
5000,3000.0,74.98476915462011
5000,3031.25,74.99613797437301
5000,3062.5,75.00758613861512
5000,3093.75,75.01911452783145
5000,3125.0,75.03072398593086
5000,3156.25,75.04241532187496
5000,3187.5,75.05418931122853
5000,3218.75,75.06604669763549
5000,3250.0,75.07798819422389
5000,3281.25,75.09001448494355
5000,3312.5,75.10212622583948
5000,3343.75,75.11432404626437
5000,3375.0,75.1266085500331
5000,3406.25,75.13898031652224
5000,3437.5,75.15143990171711
5000,3468.75,75.16398783920926
5000,3500.0,75.17662464114646
5000,3531.25,75.18935079913815
5000,3562.5,75.20216678511788
5000,3593.75,75.21507305216548
5000,3625.0,75.22807003529064
5000,3656.25,75.24115815217996
5000,3687.5,75.25433780390917
5000,3718.75,75.26760937562243
5000,3750.0,75.28097323718022
5000,3781.25,75.29442974377743
5000,3812.5,75.30797923653301
5000,3843.75,75.32162204305287
5000,3875.0,75.33535847796698
5000,3906.25,75.34918884344229
5000,3937.5,75.36311342967242
5000,3968.75,75.37713251534534
5000,4000.0,75.39124636809007
5000,4031.25,75.40545524490364
5000,4062.5,75.4197593925589
5000,4093.75,75.43415904799441
5000,4125.0,75.44865443868717
5000,4156.25,75.46324578300896
5000,4187.5,75.47793329056721
5000,4218.75,75.49271716253101
5000,4250.0,75.50759759194308
5000,4281.25,75.52257476401826
5000,4312.5,75.53764885642923
5000,4343.75,75.55282003958001
5000,4375.0,75.568088476868
5000,4406.25,75.58345432493464
5000,4437.5,75.59891773390588
5000,4468.75,75.61447884762232
5000,4500.0,75.6301378038599
5000,4531.25,75.6458947345413
5000,4562.5,75.66174976593878
5000,4593.75,75.67770301886854
5000,4625.0,75.69375460887721
5000,4656.25,75.7099046464207
5000,4687.5,75.72615323703577
5000,4718.75,75.74250048150488
5000,4750.0,75.75894647601406
5000,4781.25,75.77549131230485
5000,4812.5,75.79213507781995
5000,4843.75,75.80887785584318
5000,4875.0,75.82571972563392
5000,4906.25,75.84266076255636
5000,4937.5,75.85970103820353
5000,4968.75,75.87684062051665
5000,5000.0,75.89407957389986
5000,5031.25,75.91141795933049
5000,5062.5,75.9288558344651
5000,5093.75,75.94639325374149
5000,5125.0,75.96403026847693
5000,5156.25,75.9817669269625
5000,5187.5,75.99960327455406
5000,5218.75,76.01753935375974
5000,5250.0,76.03557520432416
5000,5281.25,76.05371086330953
5000,5312.5,76.07194636517384
5000,5343.75,76.09028174184611
5000,5375.0,76.10871702279884
5000,5406.25,76.12725223511798
5000,5437.5,76.14588740357023
5000,5468.75,76.16462255066797
5000,5500.0,76.18345769673188
5000,5531.25,76.20239285995129
5000,5562.5,76.22142805644245
5000,5593.75,76.2405633003046
5000,5625.0,76.2597986036743
5000,5656.25,76.27913397677762
5000,5687.5,76.29856942798064
5000,5718.75,76.31810496383822
5000,5750.0,76.33774058914103
5000,5781.25,76.35747630696095
5000,5812.5,76.37731211869495
5000,5843.75,76.39724802410753
5000,5875.0,76.41728402137163
5000,5906.25,76.43742010710818
5000,5937.5,76.45765627642444
5000,5968.75,76.47799252295083
5000,6000.0,76.49842883887679
5000,6031.25,76.51896521498529
5000,6062.5,76.53960164068623
5000,6093.75,76.56033810404885
5000,6125.0,76.58117459183292
5000,6156.25,76.60211108951903
5000,6187.5,76.62314758133788
5000,6218.75,76.64428405029865
5000,6250.0,76.6655204782164
5000,6281.25,76.68685684573859
5000,6312.5,76.70829313237094
5000,6343.75,76.72982931650222
5000,6375.0,76.75146537542842
5000,6406.25,76.77320128537616
5000,6437.5,76.79503702152527
5000,6468.75,76.81697255803083
5000,6500.0,76.83900786804436
5000,6531.25,76.86114292373455
5000,6562.5,76.88337769630714
5000,6593.75,76.90571215602439
5000,6625.0,76.92814627222386
5000,6656.25,76.95068001333667
5000,6687.5,76.97331334690516
5000,6718.75,76.99604623960009
5000,6750.0,77.0188786572373
5000,6781.25,77.04181056479389
5000,6812.5,77.06484192642388
5000,6843.75,77.08797270547349
5000,6875.0,77.11120286449595
5000,6906.25,77.1345323652658
5000,6937.5,77.15796116879294
5000,6968.75,77.18148923533613
5000,7000.0,77.20511652441621
5000,7031.25,77.22884299482884
5000,7062.5,77.252668604657
5000,7093.75,77.2765933112831
5000,7125.0,77.30061707140064
5000,7156.25,77.32473984102575
5000,7187.5,77.34896157550826
5000,7218.75,77.3732822295425
5000,7250.0,77.39770175717786
5000,7281.25,77.42222011182898
5000,7312.5,77.44683724628571
5000,7343.75,77.47155311272284
5000,7375.0,77.49636766270952
5000,7406.25,77.52128084721836
5000,7437.5,77.54629261663449
5000,7468.75,77.57140292076419
5000,7500.0,77.59661170884337
5000,7531.25,77.62191892954584
5000,7562.5,77.64732453099138
5000,7593.75,77.67282846075352
5000,7625.0,77.69843066586718
5000,7656.25,77.72413109283619
5000,7687.5,77.74992968764043
5000,7718.75,77.77582639574302
5000,7750.0,77.80182116209711
5000,7781.25,77.82791393115268
5000,7812.5,77.85410464686304
5000,7843.75,77.88039325269129
5000,7875.0,77.90677969161649
5000,7906.25,77.93326390613984
5000,7937.5,77.95984583829052
5000,7968.75,77.98652542963158
5000,8000.0,78.01330262126557
5000,8031.25,78.04017735384002
5000,8062.5,78.06714956755295
5000,8093.75,78.09421920215803
5000,8125.0,78.12138619696982
5000,8156.25,78.14865049086876
5000,8187.5,78.17601202230604
5000,8218.75,78.20347072930852
5000,8250.0,78.23102654948332
5000,8281.25,78.25867942002249
5000,8312.5,78.28642927770741
5000,8343.75,78.31427605891331
5000,8375.0,78.3422196996134
5000,8406.25,78.37026013538319
5000,8437.5,78.39839730140459
5000,8468.75,78.42663113246982
5000,8500.0,78.45496156298552
5000,8531.25,78.48338852697643
5000,8562.5,78.51191195808924
5000,8593.75,78.5405317895963
5000,8625.0,78.56924795439917
5000,8656.25,78.5980603850322
5000,8687.5,78.62696901366597
5000,8718.75,78.65597377211071
5000,8750.0,78.68507459181964
5000,8781.25,78.71427140389216
5000,8812.5,78.74356413907711
5000,8843.75,78.77295272777589
5000,8875.0,78.8024371000455
5000,8906.25,78.8320171856016
5000,8937.5,78.8616929138214
5000,8968.75,78.89146421374664
5000,9000.0,78.92133101408633
5000,9031.25,78.95129324321964
5000,9062.5,78.98135082919856
5000,9093.75,79.01150369975063
5000,9125.0,79.04175178228155
5000,9156.25,79.07209500387779
5000,9187.5,79.1025332913091
5000,9218.75,79.13306657103107
5000,9250.0,79.16369476918749
5000,9281.25,79.19441781161285
5000,9312.5,79.22523562383465
5000,9343.75,79.25614813107576
5000,9375.0,79.28715525825669
5000,9406.25,79.31825692999782
5000,9437.5,79.34945307062165
5000,9468.75,79.38074360415496
5000,9500.0,79.41212845433093
5000,9531.25,79.44360754459127
5000,9562.5,79.47518079808829
5000,9593.75,79.50684813768689
5000,9625.0,79.53860948596662
5000,9656.25,79.57046476522365
5000,9687.5,79.60241389747266
5000,9718.75,79.63445680444882
5000,9750.0,79.66659340760962
5000,9781.25,79.6988236281368
5000,9812.5,79.73114738693802
5000,9843.75,79.76356460464886
5000,9875.0,79.7960752016345
5000,9906.25,79.8286790979914
5000,9937.5,79.86137621354916
5000,9968.75,79.89416646787214
5000,10000.0,79.92704978026116
5000,10031.25,79.96002606975512
5000,10062.5,79.99309525513267
5000,10093.75,80.02625725491383
5000,10125.0,80.05951198736152
5000,10156.25,80.09285937048317
5000,10187.5,80.12629932203227
5000,10218.75,80.15983175950986
5000,10250.0,80.19345660016606
5000,10281.25,80.2271737610016
5000,10312.5,80.26098315876919
5000,10343.75,80.29488470997508
5000,10375.0,80.32887833088039
5000,10406.25,80.36296393750261
5000,10437.5,80.39714144561698
5000,10468.75,80.43141077075784
5000,10500.0,80.46577182822001
5000,10531.25,80.5002245330602
5000,10562.5,80.53476880009826
5000,10593.75,80.56940454391855
5000,10625.0,80.60413167887124
5000,10656.25,80.6389501190736
5000,10687.5,80.67385977841127
5000,10718.75,80.70886057053958
5000,10750.0,80.74395240888474
5000,10781.25,80.77913520664507
5000,10812.5,80.81440887679229
5000,10843.75,80.8497733320727
5000,10875.0,80.88522848500838
5000,10906.25,80.92077424789841
5000,10937.5,80.95641053281997
5000,10968.75,80.99213725162966
5000,11000.0,81.02795431596448
5000,11031.25,81.0638616372431
5000,11062.5,81.09985912666696
5000,11093.75,81.13594669522138
5000,11125.0,81.17212425367671
5000,11156.25,81.20839171258943
5000,11187.5,81.2447489823032
5000,11218.75,81.28119597295
5000,11250.0,81.31773259445121
5000,11281.25,81.35435875651868
5000,11312.5,81.39107436865571
5000,11343.75,81.42787934015823
5000,11375.0,81.46477358011575
5000,11406.25,81.50175699741247
5000,11437.5,81.53882950072821
5000,11468.75,81.57599099853957
5000,11500.0,81.6132413991208
5000,11531.25,81.65058061054486
5000,11562.5,81.68800854068449
5000,11593.75,81.72552509721311
5000,11625.0,81.76313018760581
5000,11656.25,81.80082371914038
5000,11687.5,81.83860559889827
5000,11718.75,81.8764757337655
5000,11750.0,81.91443403043368
5000,11781.25,81.95248039540094
5000,11812.5,81.99061473497287
5000,11843.75,82.02883695526346
5000,11875.0,82.06714696219605
5000,11906.25,82.10554466150425
5000,11937.5,82.14402995873287
5000,11968.75,82.1826027592388
5000,12000.0,82.22126296819198
5000,12031.25,82.26001049057628
5000,12062.5,82.29884523119038
5000,12093.75,82.33776709464871
5000,12125.0,82.3767759853823
5000,12156.25,82.4158718076397
5000,12187.5,82.45505446548786
5000,12218.75,82.49432386281298
5000,12250.0,82.5336799033214
5000,12281.25,82.57312249054048
5000,12312.5,82.61265152781947
5000,12343.75,82.65226691833033
5000,12375.0,82.6919685650686
5000,12406.25,82.73175637085434
5000,12437.5,82.7716302383328
5000,12468.75,82.81159006997544
5000,12500.0,82.85163576808067
5000,12531.25,82.8917672347747
5000,12562.5,82.93198437201244
5000,12593.75,82.9722870815782
5000,12625.0,83.01267526508667
5000,12656.25,83.0531488239836
5000,12687.5,83.09370765954675
5000,12718.75,83.13435167288658
5000,12750.0,83.17508076494715
5000,12781.25,83.21589483650692
5000,12812.5,83.25679378817951
5000,12843.75,83.29777752041453
5000,12875.0,83.3388459334984
5000,12906.25,83.37999892755514
5000,12937.5,83.42123640254711
5000,12968.75,83.46255825827589
5000,13000.0,83.503964394383
5000,13031.25,83.54545471035073
5000,13062.5,83.58702910550285
5000,13093.75,83.62868747900552
5000,13125.0,83.67042972986793
5000,13156.25,83.71225575694318
5000,13187.5,83.75416545892897
5000,13218.75,83.79615873436845
5000,13250.0,83.83823548165091
5000,13281.25,83.88039559901262
5000,13312.5,83.92263898453754
5000,13343.75,83.96496553615809
5000,13375.0,84.00737515165595
5000,13406.25,84.04986772866275
5000,13437.5,84.09244316466086
5000,13468.75,84.1351013569842
5000,13500.0,84.17784220281885
5000,13531.25,84.22066559920394
5000,13562.5,84.2635714430323
5000,13593.75,84.3065596310513
5000,13625.0,84.34963005986344
5000,13656.25,84.39278262592727
5000,13687.5,84.436017225558
5000,13718.75,84.4793337549283
5000,13750.0,84.522732110069
5000,13781.25,84.56621218686985
5000,13812.5,84.60977388108023
5000,13843.75,84.6534170883099
5000,13875.0,84.69714170402969
5000,13906.25,84.74094762357228
5000,13937.5,84.78483474213293
5000,13968.75,84.82880295477008
5000,14000.0,84.87285215640627
5000,14031.25,84.91698224182865
5000,14062.5,84.96119310568987
5000,14093.75,85.00548464250872
5000,14125.0,85.04985674667084
5000,14156.25,85.09430931242943
5000,14187.5,85.13884223390602
5000,14218.75,85.1834554050911
5000,14250.0,85.22814871984488
5000,14281.25,85.27292207189801
5000,14312.5,85.31777535485226
5000,14343.75,85.36270846218119
5000,14375.0,85.40772128723094
5000,14406.25,85.45281372322086
5000,14437.5,85.49798566324425
5000,14468.75,85.54323700026904
5000,14500.0,85.58856762713852
5000,14531.25,85.63397743657195
5000,14562.5,85.67946632116539
5000,14593.75,85.72503417339232
5000,14625.0,85.77068088560426
5000,14656.25,85.81640635003166
5000,14687.5,85.86221045878438
5000,14718.75,85.90809310385251
5000,14750.0,85.95405417710701
5000,14781.25,86.00009357030044
5000,14812.5,86.04621117506758
5000,14843.75,86.09240688292618
5000,14875.0,86.13868058527761
5000,14906.25,86.18503217340754
5000,14937.5,86.23146153848663
5000,14968.75,86.27796857157125
5000,15000.0,86.32455316360411
5000,15031.25,86.37121520541491
5000,15062.5,86.41795458772116
5000,15093.75,86.46477120112864
5000,15125.0,86.5116649361323
5000,15156.25,86.55863568311679
5000,15187.5,86.60568333235715
5000,15218.75,86.65280777401956
5000,15250.0,86.70000889816194
5000,15281.25,86.74728659473462
5000,15312.5,86.79464075358108
5000,15343.75,86.84207126443853
5000,15375.0,86.88957801693864
5000,15406.25,86.93716090060819
5000,15437.5,86.98481980486973
5000,15468.75,87.03255461904226
5000,15500.0,87.08036523234186
5000,15531.25,87.12825153388242
5000,15562.5,87.17621341267623
5000,15593.75,87.22425075763468
5000,15625.0,87.2723634575689
5000,15656.25,87.3205514011905
5000,15687.5,87.36881447711208
5000,15718.75,87.41715257384803
5000,15750.0,87.4655655798151
5000,15781.25,87.51405338333313
5000,15812.5,87.5626158726256
5000,15843.75,87.6112529358204
5000,15875.0,87.6599644609504
5000,15906.25,87.70875033595418
5000,15937.5,87.75761044867659
5000,15968.75,87.80654468686947
5000,16000.0,87.85555293819229
